scenario,task_id,task_name,worker_id,request_index,session_key,run_id,success,connect_latency_ms,send_latency_ms,wait_latency_ms,history_latency_ms,total_latency_ms,send_status,wait_status,history_messages,connect_started_at,connect_finished_at,send_started_at,send_finished_at,wait_started_at,wait_finished_at,history_started_at,history_finished_at,started_at,finished_at,error
docker-single-resource-profile,,,0,0,bench-resource-single-w0,d5848111-3479-4c8c-b117-40631a0a2c7a,True,207.999,3.468,198.112,5.235,206.865,started,ok,1,2026-03-20T11:26:02.168471+00:00,2026-03-20T11:26:02.376479+00:00,2026-03-20T11:26:02.376526+00:00,2026-03-20T11:26:02.379996+00:00,2026-03-20T11:26:02.380005+00:00,2026-03-20T11:26:02.578122+00:00,2026-03-20T11:26:02.578137+00:00,2026-03-20T11:26:02.583375+00:00,2026-03-20T11:26:02.376524+00:00,2026-03-20T11:26:02.583388+00:00,
docker-single-resource-profile,,,0,1,bench-resource-single-w0,0f228874-9c16-4795-89b8-80d1496d5f86,True,207.999,1.124,46.125,5.262,52.56,started,ok,2,2026-03-20T11:26:02.168471+00:00,2026-03-20T11:26:02.376479+00:00,2026-03-20T11:26:02.583437+00:00,2026-03-20T11:26:02.584562+00:00,2026-03-20T11:26:02.584570+00:00,2026-03-20T11:26:02.630699+00:00,2026-03-20T11:26:02.630713+00:00,2026-03-20T11:26:02.635979+00:00,2026-03-20T11:26:02.583435+00:00,2026-03-20T11:26:02.635994+00:00,
docker-single-resource-profile,,,0,2,bench-resource-single-w0,39a14cb8-5e28-436a-8bce-a72e7477108c,True,207.999,1.142,41.084,1.592,43.853,started,ok,3,2026-03-20T11:26:02.168471+00:00,2026-03-20T11:26:02.376479+00:00,2026-03-20T11:26:02.636029+00:00,2026-03-20T11:26:02.637172+00:00,2026-03-20T11:26:02.637180+00:00,2026-03-20T11:26:02.678267+00:00,2026-03-20T11:26:02.678277+00:00,2026-03-20T11:26:02.679872+00:00,2026-03-20T11:26:02.636028+00:00,2026-03-20T11:26:02.679880+00:00,
docker-single-resource-profile,,,0,3,bench-resource-single-w0,09c1bd62-c2bb-413d-bb78-b065baaebaaf,True,207.999,0.978,38.439,2.834,42.295,started,ok,4,2026-03-20T11:26:02.168471+00:00,2026-03-20T11:26:02.376479+00:00,2026-03-20T11:26:02.679905+00:00,2026-03-20T11:26:02.680890+00:00,2026-03-20T11:26:02.680896+00:00,2026-03-20T11:26:02.719338+00:00,2026-03-20T11:26:02.719351+00:00,2026-03-20T11:26:02.722188+00:00,2026-03-20T11:26:02.679904+00:00,2026-03-20T11:26:02.722198+00:00,
docker-single-resource-profile,,,0,4,bench-resource-single-w0,d95049cd-3782-42a6-9737-55dd52c41f38,True,207.999,1.134,37.501,1.644,40.321,started,ok,5,2026-03-20T11:26:02.168471+00:00,2026-03-20T11:26:02.376479+00:00,2026-03-20T11:26:02.722225+00:00,2026-03-20T11:26:02.723362+00:00,2026-03-20T11:26:02.723371+00:00,2026-03-20T11:26:02.760876+00:00,2026-03-20T11:26:02.760890+00:00,2026-03-20T11:26:02.762537+00:00,2026-03-20T11:26:02.722224+00:00,2026-03-20T11:26:02.762544+00:00,
docker-single-resource-profile,,,0,5,bench-resource-single-w0,06446f11-2c20-451e-98f5-0768f0936078,True,207.999,0.969,35.287,2.613,38.912,started,ok,6,2026-03-20T11:26:02.168471+00:00,2026-03-20T11:26:02.376479+00:00,2026-03-20T11:26:02.762569+00:00,2026-03-20T11:26:02.763540+00:00,2026-03-20T11:26:02.763548+00:00,2026-03-20T11:26:02.798838+00:00,2026-03-20T11:26:02.798850+00:00,2026-03-20T11:26:02.801466+00:00,2026-03-20T11:26:02.762568+00:00,2026-03-20T11:26:02.801478+00:00,
docker-single-resource-profile,,,0,6,bench-resource-single-w0,5961f3e9-e2db-4d66-a305-4e5c72ea88e5,True,207.999,0.969,35.111,1.654,37.769,started,ok,7,2026-03-20T11:26:02.168471+00:00,2026-03-20T11:26:02.376479+00:00,2026-03-20T11:26:02.801524+00:00,2026-03-20T11:26:02.802494+00:00,2026-03-20T11:26:02.802501+00:00,2026-03-20T11:26:02.837615+00:00,2026-03-20T11:26:02.837627+00:00,2026-03-20T11:26:02.839283+00:00,2026-03-20T11:26:02.801523+00:00,2026-03-20T11:26:02.839290+00:00,
docker-single-resource-profile,,,0,7,bench-resource-single-w0,78060880-19d2-4866-b517-90d7ce9c2f43,True,207.999,0.959,35.444,2.419,38.857,started,ok,8,2026-03-20T11:26:02.168471+00:00,2026-03-20T11:26:02.376479+00:00,2026-03-20T11:26:02.839314+00:00,2026-03-20T11:26:02.840275+00:00,2026-03-20T11:26:02.840281+00:00,2026-03-20T11:26:02.875728+00:00,2026-03-20T11:26:02.875740+00:00,2026-03-20T11:26:02.878161+00:00,2026-03-20T11:26:02.839313+00:00,2026-03-20T11:26:02.878169+00:00,
docker-single-resource-profile,,,0,8,bench-resource-single-w0,6acc4c60-5658-4905-a54f-ea9033b08b2d,True,207.999,1.126,34.101,2.071,37.352,started,ok,9,2026-03-20T11:26:02.168471+00:00,2026-03-20T11:26:02.376479+00:00,2026-03-20T11:26:02.878193+00:00,2026-03-20T11:26:02.879320+00:00,2026-03-20T11:26:02.879327+00:00,2026-03-20T11:26:02.913432+00:00,2026-03-20T11:26:02.913447+00:00,2026-03-20T11:26:02.915521+00:00,2026-03-20T11:26:02.878191+00:00,2026-03-20T11:26:02.915541+00:00,
docker-single-resource-profile,,,0,9,bench-resource-single-w0,a62c5886-d978-40e4-9496-dc39ba2be052,True,207.999,0.897,31.744,3.638,36.323,started,ok,10,2026-03-20T11:26:02.168471+00:00,2026-03-20T11:26:02.376479+00:00,2026-03-20T11:26:02.915573+00:00,2026-03-20T11:26:02.916472+00:00,2026-03-20T11:26:02.916480+00:00,2026-03-20T11:26:02.948228+00:00,2026-03-20T11:26:02.948241+00:00,2026-03-20T11:26:02.951882+00:00,2026-03-20T11:26:02.915572+00:00,2026-03-20T11:26:02.951894+00:00,
docker-single-resource-profile,,,0,10,bench-resource-single-w0,763a114e-cf9c-4641-94be-fcc0a011bb19,True,207.999,1.161,34.101,1.599,36.904,started,ok,11,2026-03-20T11:26:02.168471+00:00,2026-03-20T11:26:02.376479+00:00,2026-03-20T11:26:02.951923+00:00,2026-03-20T11:26:02.953086+00:00,2026-03-20T11:26:02.953093+00:00,2026-03-20T11:26:02.987197+00:00,2026-03-20T11:26:02.987210+00:00,2026-03-20T11:26:02.988811+00:00,2026-03-20T11:26:02.951922+00:00,2026-03-20T11:26:02.988824+00:00,
docker-single-resource-profile,,,0,11,bench-resource-single-w0,42b03120-545b-4d0c-8371-8e401f4387dd,True,207.999,0.752,30.66,2.455,33.907,started,ok,12,2026-03-20T11:26:02.168471+00:00,2026-03-20T11:26:02.376479+00:00,2026-03-20T11:26:02.988852+00:00,2026-03-20T11:26:02.989605+00:00,2026-03-20T11:26:02.989612+00:00,2026-03-20T11:26:03.020275+00:00,2026-03-20T11:26:03.020287+00:00,2026-03-20T11:26:03.022746+00:00,2026-03-20T11:26:02.988850+00:00,2026-03-20T11:26:03.022756+00:00,
docker-single-resource-profile,,,0,12,bench-resource-single-w0,c800a1b6-c93b-4ece-a6ef-8d5c27c55b32,True,207.999,1.083,34.702,1.691,37.514,started,ok,13,2026-03-20T11:26:02.168471+00:00,2026-03-20T11:26:02.376479+00:00,2026-03-20T11:26:03.022782+00:00,2026-03-20T11:26:03.023866+00:00,2026-03-20T11:26:03.023874+00:00,2026-03-20T11:26:03.058584+00:00,2026-03-20T11:26:03.058595+00:00,2026-03-20T11:26:03.060287+00:00,2026-03-20T11:26:03.022781+00:00,2026-03-20T11:26:03.060294+00:00,
docker-single-resource-profile,,,0,13,bench-resource-single-w0,31814391-33ed-4110-9296-5fb161d03b9e,True,207.999,0.949,30.359,2.845,34.191,started,ok,14,2026-03-20T11:26:02.168471+00:00,2026-03-20T11:26:02.376479+00:00,2026-03-20T11:26:03.060316+00:00,2026-03-20T11:26:03.061267+00:00,2026-03-20T11:26:03.061274+00:00,2026-03-20T11:26:03.091636+00:00,2026-03-20T11:26:03.091649+00:00,2026-03-20T11:26:03.094496+00:00,2026-03-20T11:26:03.060315+00:00,2026-03-20T11:26:03.094505+00:00,
docker-single-resource-profile,,,0,14,bench-resource-single-w0,33008900-fd33-4a43-aef3-7a88b17f63bf,True,207.999,1.011,34.606,2.147,37.806,started,ok,15,2026-03-20T11:26:02.168471+00:00,2026-03-20T11:26:02.376479+00:00,2026-03-20T11:26:03.094532+00:00,2026-03-20T11:26:03.095544+00:00,2026-03-20T11:26:03.095551+00:00,2026-03-20T11:26:03.130160+00:00,2026-03-20T11:26:03.130174+00:00,2026-03-20T11:26:03.132324+00:00,2026-03-20T11:26:03.094531+00:00,2026-03-20T11:26:03.132335+00:00,
docker-single-resource-profile,,,0,15,bench-resource-single-w0,a6bb1fb0-ab33-4a8f-b113-dfe96808af79,True,207.999,1.059,32.983,3.098,37.195,started,ok,16,2026-03-20T11:26:02.168471+00:00,2026-03-20T11:26:02.376479+00:00,2026-03-20T11:26:03.132368+00:00,2026-03-20T11:26:03.133429+00:00,2026-03-20T11:26:03.133450+00:00,2026-03-20T11:26:03.166436+00:00,2026-03-20T11:26:03.166448+00:00,2026-03-20T11:26:03.169550+00:00,2026-03-20T11:26:03.132367+00:00,2026-03-20T11:26:03.169561+00:00,
docker-single-resource-profile,,,0,16,bench-resource-single-w0,b5ee5466-5b70-445e-be4b-49742b03a871,True,207.999,0.864,33.671,1.907,36.478,started,ok,17,2026-03-20T11:26:02.168471+00:00,2026-03-20T11:26:02.376479+00:00,2026-03-20T11:26:03.169614+00:00,2026-03-20T11:26:03.170480+00:00,2026-03-20T11:26:03.170487+00:00,2026-03-20T11:26:03.204161+00:00,2026-03-20T11:26:03.204173+00:00,2026-03-20T11:26:03.206083+00:00,2026-03-20T11:26:03.169613+00:00,2026-03-20T11:26:03.206090+00:00,
docker-single-resource-profile,,,0,17,bench-resource-single-w0,745ba270-890b-4442-8c51-9472481085c3,True,207.999,0.846,27.749,3.156,31.795,started,ok,18,2026-03-20T11:26:02.168471+00:00,2026-03-20T11:26:02.376479+00:00,2026-03-20T11:26:03.206115+00:00,2026-03-20T11:26:03.206963+00:00,2026-03-20T11:26:03.206970+00:00,2026-03-20T11:26:03.234722+00:00,2026-03-20T11:26:03.234736+00:00,2026-03-20T11:26:03.237895+00:00,2026-03-20T11:26:03.206114+00:00,2026-03-20T11:26:03.237907+00:00,
docker-single-resource-profile,,,0,18,bench-resource-single-w0,a972ef1a-e06c-47da-807f-60952940872f,True,207.999,0.849,31.626,2.014,34.525,started,ok,19,2026-03-20T11:26:02.168471+00:00,2026-03-20T11:26:02.376479+00:00,2026-03-20T11:26:03.237952+00:00,2026-03-20T11:26:03.238803+00:00,2026-03-20T11:26:03.238812+00:00,2026-03-20T11:26:03.270441+00:00,2026-03-20T11:26:03.270453+00:00,2026-03-20T11:26:03.272468+00:00,2026-03-20T11:26:03.237951+00:00,2026-03-20T11:26:03.272474+00:00,
docker-single-resource-profile,,,0,19,bench-resource-single-w0,75cbd4dd-f14d-4726-8b5b-005dbfc9e222,True,207.999,1.01,30.491,3.152,34.689,started,ok,20,2026-03-20T11:26:02.168471+00:00,2026-03-20T11:26:02.376479+00:00,2026-03-20T11:26:03.272498+00:00,2026-03-20T11:26:03.273509+00:00,2026-03-20T11:26:03.273516+00:00,2026-03-20T11:26:03.304011+00:00,2026-03-20T11:26:03.304021+00:00,2026-03-20T11:26:03.307176+00:00,2026-03-20T11:26:03.272497+00:00,2026-03-20T11:26:03.307185+00:00,
docker-single-resource-profile,,,0,20,bench-resource-single-w0,2fa03f14-8c73-46a8-806f-45c418626749,True,207.999,0.952,29.971,1.644,32.601,started,ok,20,2026-03-20T11:26:02.168471+00:00,2026-03-20T11:26:02.376479+00:00,2026-03-20T11:26:03.307210+00:00,2026-03-20T11:26:03.308164+00:00,2026-03-20T11:26:03.308171+00:00,2026-03-20T11:26:03.338145+00:00,2026-03-20T11:26:03.338156+00:00,2026-03-20T11:26:03.339802+00:00,2026-03-20T11:26:03.307209+00:00,2026-03-20T11:26:03.339809+00:00,
docker-single-resource-profile,,,0,21,bench-resource-single-w0,2a335139-75e2-4598-9c70-c9da9d9315b5,True,207.999,0.756,33.424,2.784,37.012,started,ok,20,2026-03-20T11:26:02.168471+00:00,2026-03-20T11:26:02.376479+00:00,2026-03-20T11:26:03.339831+00:00,2026-03-20T11:26:03.340588+00:00,2026-03-20T11:26:03.340595+00:00,2026-03-20T11:26:03.374023+00:00,2026-03-20T11:26:03.374037+00:00,2026-03-20T11:26:03.376826+00:00,2026-03-20T11:26:03.339830+00:00,2026-03-20T11:26:03.376841+00:00,
docker-single-resource-profile,,,0,22,bench-resource-single-w0,c7451589-ee76-482c-9ef4-61cf53db5656,True,207.999,0.964,32.398,1.765,35.164,started,ok,20,2026-03-20T11:26:02.168471+00:00,2026-03-20T11:26:02.376479+00:00,2026-03-20T11:26:03.376878+00:00,2026-03-20T11:26:03.377845+00:00,2026-03-20T11:26:03.377852+00:00,2026-03-20T11:26:03.410253+00:00,2026-03-20T11:26:03.410265+00:00,2026-03-20T11:26:03.412032+00:00,2026-03-20T11:26:03.376877+00:00,2026-03-20T11:26:03.412040+00:00,
docker-single-resource-profile,,,0,23,bench-resource-single-w0,6962d4dc-06ac-4d83-a025-f7ddf9b98a56,True,207.999,1.06,28.933,2.557,32.59,started,ok,20,2026-03-20T11:26:02.168471+00:00,2026-03-20T11:26:02.376479+00:00,2026-03-20T11:26:03.412081+00:00,2026-03-20T11:26:03.413144+00:00,2026-03-20T11:26:03.413153+00:00,2026-03-20T11:26:03.442090+00:00,2026-03-20T11:26:03.442102+00:00,2026-03-20T11:26:03.444661+00:00,2026-03-20T11:26:03.412080+00:00,2026-03-20T11:26:03.444669+00:00,
docker-single-resource-profile,,,0,24,bench-resource-single-w0,832fae86-38c1-4b89-a99b-ccabbda92918,True,207.999,0.957,29.675,1.755,32.42,started,ok,20,2026-03-20T11:26:02.168471+00:00,2026-03-20T11:26:02.376479+00:00,2026-03-20T11:26:03.444695+00:00,2026-03-20T11:26:03.445653+00:00,2026-03-20T11:26:03.445661+00:00,2026-03-20T11:26:03.475338+00:00,2026-03-20T11:26:03.475349+00:00,2026-03-20T11:26:03.477106+00:00,2026-03-20T11:26:03.444694+00:00,2026-03-20T11:26:03.477112+00:00,
docker-single-resource-profile,,,0,25,bench-resource-single-w0,e22550b7-ff9d-484a-aa2b-5d9948bc7983,True,207.999,0.882,36.221,2.594,39.737,started,ok,20,2026-03-20T11:26:02.168471+00:00,2026-03-20T11:26:02.376479+00:00,2026-03-20T11:26:03.477135+00:00,2026-03-20T11:26:03.478019+00:00,2026-03-20T11:26:03.478026+00:00,2026-03-20T11:26:03.514250+00:00,2026-03-20T11:26:03.514263+00:00,2026-03-20T11:26:03.516859+00:00,2026-03-20T11:26:03.477134+00:00,2026-03-20T11:26:03.516869+00:00,
docker-single-resource-profile,,,0,26,bench-resource-single-w0,6564d5fa-9fad-4544-8aac-f7d872ac0379,True,207.999,0.783,30.846,1.814,33.48,started,ok,20,2026-03-20T11:26:02.168471+00:00,2026-03-20T11:26:02.376479+00:00,2026-03-20T11:26:03.516901+00:00,2026-03-20T11:26:03.517686+00:00,2026-03-20T11:26:03.517694+00:00,2026-03-20T11:26:03.548544+00:00,2026-03-20T11:26:03.548556+00:00,2026-03-20T11:26:03.550372+00:00,2026-03-20T11:26:03.516899+00:00,2026-03-20T11:26:03.550379+00:00,
docker-single-resource-profile,,,0,27,bench-resource-single-w0,5ee5d1f1-dd3c-4ae2-8eaa-d62ca4bd4933,True,207.999,0.866,29.889,3.172,33.968,started,ok,20,2026-03-20T11:26:02.168471+00:00,2026-03-20T11:26:02.376479+00:00,2026-03-20T11:26:03.550403+00:00,2026-03-20T11:26:03.551271+00:00,2026-03-20T11:26:03.551277+00:00,2026-03-20T11:26:03.581170+00:00,2026-03-20T11:26:03.581185+00:00,2026-03-20T11:26:03.584359+00:00,2026-03-20T11:26:03.550402+00:00,2026-03-20T11:26:03.584368+00:00,
docker-single-resource-profile,,,0,28,bench-resource-single-w0,b5103957-1c7f-4873-b70b-d58ca9f660e5,True,207.999,0.904,28.151,2.243,31.341,started,ok,20,2026-03-20T11:26:02.168471+00:00,2026-03-20T11:26:02.376479+00:00,2026-03-20T11:26:03.584392+00:00,2026-03-20T11:26:03.585298+00:00,2026-03-20T11:26:03.585305+00:00,2026-03-20T11:26:03.613460+00:00,2026-03-20T11:26:03.613473+00:00,2026-03-20T11:26:03.615719+00:00,2026-03-20T11:26:03.584391+00:00,2026-03-20T11:26:03.615731+00:00,
docker-single-resource-profile,,,0,29,bench-resource-single-w0,de258c78-b014-41d8-a582-04291aeca3f2,True,207.999,0.75,30.47,4.785,36.056,started,ok,20,2026-03-20T11:26:02.168471+00:00,2026-03-20T11:26:02.376479+00:00,2026-03-20T11:26:03.615763+00:00,2026-03-20T11:26:03.616515+00:00,2026-03-20T11:26:03.616524+00:00,2026-03-20T11:26:03.646999+00:00,2026-03-20T11:26:03.647015+00:00,2026-03-20T11:26:03.651803+00:00,2026-03-20T11:26:03.615762+00:00,2026-03-20T11:26:03.651816+00:00,
docker-single-resource-profile,,,0,30,bench-resource-single-w0,8a6d07f6-f846-4420-a49f-22a0919fafd9,True,207.999,1.123,30.054,1.996,33.211,started,ok,20,2026-03-20T11:26:02.168471+00:00,2026-03-20T11:26:02.376479+00:00,2026-03-20T11:26:03.651847+00:00,2026-03-20T11:26:03.652972+00:00,2026-03-20T11:26:03.652980+00:00,2026-03-20T11:26:03.683037+00:00,2026-03-20T11:26:03.683049+00:00,2026-03-20T11:26:03.685047+00:00,2026-03-20T11:26:03.651846+00:00,2026-03-20T11:26:03.685055+00:00,
docker-single-resource-profile,,,0,31,bench-resource-single-w0,1b9846e7-f6b0-4f41-bf4e-e38f148cc997,True,207.999,0.787,28.552,3.458,32.838,started,ok,20,2026-03-20T11:26:02.168471+00:00,2026-03-20T11:26:02.376479+00:00,2026-03-20T11:26:03.685079+00:00,2026-03-20T11:26:03.685868+00:00,2026-03-20T11:26:03.685875+00:00,2026-03-20T11:26:03.714431+00:00,2026-03-20T11:26:03.714444+00:00,2026-03-20T11:26:03.717905+00:00,2026-03-20T11:26:03.685078+00:00,2026-03-20T11:26:03.717915+00:00,
docker-single-resource-profile,,,0,32,bench-resource-single-w0,c9eada42-cb20-48b3-988a-34a383b74212,True,207.999,1.092,29.338,2.169,32.635,started,ok,20,2026-03-20T11:26:02.168471+00:00,2026-03-20T11:26:02.376479+00:00,2026-03-20T11:26:03.717942+00:00,2026-03-20T11:26:03.719036+00:00,2026-03-20T11:26:03.719043+00:00,2026-03-20T11:26:03.748385+00:00,2026-03-20T11:26:03.748396+00:00,2026-03-20T11:26:03.750567+00:00,2026-03-20T11:26:03.717941+00:00,2026-03-20T11:26:03.750575+00:00,
docker-single-resource-profile,,,0,33,bench-resource-single-w0,401f2e61-b277-4022-88a3-338e17d59218,True,207.999,0.981,30.263,3.677,34.969,started,ok,20,2026-03-20T11:26:02.168471+00:00,2026-03-20T11:26:02.376479+00:00,2026-03-20T11:26:03.750600+00:00,2026-03-20T11:26:03.751583+00:00,2026-03-20T11:26:03.751591+00:00,2026-03-20T11:26:03.781858+00:00,2026-03-20T11:26:03.781874+00:00,2026-03-20T11:26:03.785553+00:00,2026-03-20T11:26:03.750599+00:00,2026-03-20T11:26:03.785566+00:00,
docker-single-resource-profile,,,0,34,bench-resource-single-w0,f4500088-3d01-49e7-8382-a10ff4e93cfe,True,207.999,0.699,30.274,1.958,32.97,started,ok,20,2026-03-20T11:26:02.168471+00:00,2026-03-20T11:26:02.376479+00:00,2026-03-20T11:26:03.785595+00:00,2026-03-20T11:26:03.786295+00:00,2026-03-20T11:26:03.786302+00:00,2026-03-20T11:26:03.816579+00:00,2026-03-20T11:26:03.816595+00:00,2026-03-20T11:26:03.818555+00:00,2026-03-20T11:26:03.785594+00:00,2026-03-20T11:26:03.818562+00:00,
docker-single-resource-profile,,,0,35,bench-resource-single-w0,5a04bc41-887d-4fb2-af7e-665114d8372f,True,207.999,0.869,28.474,2.867,32.269,started,ok,20,2026-03-20T11:26:02.168471+00:00,2026-03-20T11:26:02.376479+00:00,2026-03-20T11:26:03.818585+00:00,2026-03-20T11:26:03.819456+00:00,2026-03-20T11:26:03.819463+00:00,2026-03-20T11:26:03.847942+00:00,2026-03-20T11:26:03.847974+00:00,2026-03-20T11:26:03.850843+00:00,2026-03-20T11:26:03.818584+00:00,2026-03-20T11:26:03.850852+00:00,
docker-single-resource-profile,,,0,36,bench-resource-single-w0,63469f82-e46c-4dde-9ba7-d996d7157395,True,207.999,0.787,31.155,1.994,33.971,started,ok,20,2026-03-20T11:26:02.168471+00:00,2026-03-20T11:26:02.376479+00:00,2026-03-20T11:26:03.850877+00:00,2026-03-20T11:26:03.851667+00:00,2026-03-20T11:26:03.851674+00:00,2026-03-20T11:26:03.882831+00:00,2026-03-20T11:26:03.882842+00:00,2026-03-20T11:26:03.884838+00:00,2026-03-20T11:26:03.850876+00:00,2026-03-20T11:26:03.884846+00:00,
docker-single-resource-profile,,,0,37,bench-resource-single-w0,09266fe7-5537-422e-a4c2-cfd4a413ef6d,True,207.999,0.891,35.077,3.256,39.265,started,ok,20,2026-03-20T11:26:02.168471+00:00,2026-03-20T11:26:02.376479+00:00,2026-03-20T11:26:03.884874+00:00,2026-03-20T11:26:03.885766+00:00,2026-03-20T11:26:03.885773+00:00,2026-03-20T11:26:03.920854+00:00,2026-03-20T11:26:03.920866+00:00,2026-03-20T11:26:03.924125+00:00,2026-03-20T11:26:03.884873+00:00,2026-03-20T11:26:03.924136+00:00,
docker-single-resource-profile,,,0,38,bench-resource-single-w0,c46783ad-80a5-4b25-bac9-ef6ef6b3c8f4,True,207.999,0.936,33.229,1.972,36.173,started,ok,20,2026-03-20T11:26:02.168471+00:00,2026-03-20T11:26:02.376479+00:00,2026-03-20T11:26:03.924164+00:00,2026-03-20T11:26:03.925103+00:00,2026-03-20T11:26:03.925111+00:00,2026-03-20T11:26:03.958343+00:00,2026-03-20T11:26:03.958355+00:00,2026-03-20T11:26:03.960329+00:00,2026-03-20T11:26:03.924164+00:00,2026-03-20T11:26:03.960336+00:00,
docker-single-resource-profile,,,0,39,bench-resource-single-w0,37c77d4a-ed79-420c-877f-4fcca10ea580,True,207.999,0.931,31.66,2.792,35.43,started,ok,20,2026-03-20T11:26:02.168471+00:00,2026-03-20T11:26:02.376479+00:00,2026-03-20T11:26:03.960359+00:00,2026-03-20T11:26:03.961291+00:00,2026-03-20T11:26:03.961301+00:00,2026-03-20T11:26:03.992965+00:00,2026-03-20T11:26:03.992977+00:00,2026-03-20T11:26:03.995772+00:00,2026-03-20T11:26:03.960357+00:00,2026-03-20T11:26:03.995785+00:00,
docker-single-resource-profile,,,0,40,bench-resource-single-w0,406f1284-050e-4141-82ff-ecc6c92a6c26,True,207.999,1.085,27.717,2.483,31.329,started,ok,20,2026-03-20T11:26:02.168471+00:00,2026-03-20T11:26:02.376479+00:00,2026-03-20T11:26:03.995823+00:00,2026-03-20T11:26:03.996909+00:00,2026-03-20T11:26:03.996916+00:00,2026-03-20T11:26:04.024637+00:00,2026-03-20T11:26:04.024651+00:00,2026-03-20T11:26:04.027137+00:00,2026-03-20T11:26:03.995821+00:00,2026-03-20T11:26:04.027148+00:00,
docker-single-resource-profile,,,0,41,bench-resource-single-w0,7ce441c5-d9ec-45d6-85ab-6a3e7ef724c2,True,207.999,0.857,28.158,3.414,32.47,started,ok,20,2026-03-20T11:26:02.168471+00:00,2026-03-20T11:26:02.376479+00:00,2026-03-20T11:26:04.027175+00:00,2026-03-20T11:26:04.028035+00:00,2026-03-20T11:26:04.028042+00:00,2026-03-20T11:26:04.056204+00:00,2026-03-20T11:26:04.056216+00:00,2026-03-20T11:26:04.059633+00:00,2026-03-20T11:26:04.027174+00:00,2026-03-20T11:26:04.059643+00:00,
docker-single-resource-profile,,,0,42,bench-resource-single-w0,2a02251c-b705-4a09-b293-5707f9f6af1c,True,207.999,0.82,26.649,1.839,29.345,started,ok,20,2026-03-20T11:26:02.168471+00:00,2026-03-20T11:26:02.376479+00:00,2026-03-20T11:26:04.059669+00:00,2026-03-20T11:26:04.060492+00:00,2026-03-20T11:26:04.060499+00:00,2026-03-20T11:26:04.087151+00:00,2026-03-20T11:26:04.087162+00:00,2026-03-20T11:26:04.089003+00:00,2026-03-20T11:26:04.059668+00:00,2026-03-20T11:26:04.089011+00:00,
docker-single-resource-profile,,,0,43,bench-resource-single-w0,fa27bc26-4583-4d8f-8a09-1d47cfe5bab5,True,207.999,0.875,27.371,2.933,31.216,started,ok,20,2026-03-20T11:26:02.168471+00:00,2026-03-20T11:26:02.376479+00:00,2026-03-20T11:26:04.089035+00:00,2026-03-20T11:26:04.089913+00:00,2026-03-20T11:26:04.089919+00:00,2026-03-20T11:26:04.117293+00:00,2026-03-20T11:26:04.117306+00:00,2026-03-20T11:26:04.120241+00:00,2026-03-20T11:26:04.089034+00:00,2026-03-20T11:26:04.120248+00:00,
docker-single-resource-profile,,,0,44,bench-resource-single-w0,1447d617-e23e-440e-972c-5824a48983fa,True,207.999,0.777,28.201,2.177,31.188,started,ok,20,2026-03-20T11:26:02.168471+00:00,2026-03-20T11:26:02.376479+00:00,2026-03-20T11:26:04.120272+00:00,2026-03-20T11:26:04.121050+00:00,2026-03-20T11:26:04.121057+00:00,2026-03-20T11:26:04.149260+00:00,2026-03-20T11:26:04.149272+00:00,2026-03-20T11:26:04.151450+00:00,2026-03-20T11:26:04.120271+00:00,2026-03-20T11:26:04.151458+00:00,
docker-single-resource-profile,,,0,45,bench-resource-single-w0,b6f78b74-8ac0-4dba-a6c1-61d47385a1fd,True,207.999,0.69,27.841,2.801,31.368,started,ok,20,2026-03-20T11:26:02.168471+00:00,2026-03-20T11:26:02.376479+00:00,2026-03-20T11:26:04.151480+00:00,2026-03-20T11:26:04.152171+00:00,2026-03-20T11:26:04.152178+00:00,2026-03-20T11:26:04.180022+00:00,2026-03-20T11:26:04.180033+00:00,2026-03-20T11:26:04.182837+00:00,2026-03-20T11:26:04.151479+00:00,2026-03-20T11:26:04.182845+00:00,
docker-single-resource-profile,,,0,46,bench-resource-single-w0,61f761f5-776f-4a50-9111-f239653a7466,True,207.999,0.711,30.543,1.797,33.088,started,ok,20,2026-03-20T11:26:02.168471+00:00,2026-03-20T11:26:02.376479+00:00,2026-03-20T11:26:04.182870+00:00,2026-03-20T11:26:04.183583+00:00,2026-03-20T11:26:04.183590+00:00,2026-03-20T11:26:04.214136+00:00,2026-03-20T11:26:04.214148+00:00,2026-03-20T11:26:04.215947+00:00,2026-03-20T11:26:04.182868+00:00,2026-03-20T11:26:04.215955+00:00,
docker-single-resource-profile,,,0,47,bench-resource-single-w0,1c814ddf-6e2c-4e43-a1f4-18b0271ff10c,True,207.999,0.818,28.013,3.518,32.399,started,ok,20,2026-03-20T11:26:02.168471+00:00,2026-03-20T11:26:02.376479+00:00,2026-03-20T11:26:04.215979+00:00,2026-03-20T11:26:04.216800+00:00,2026-03-20T11:26:04.216808+00:00,2026-03-20T11:26:04.244824+00:00,2026-03-20T11:26:04.244841+00:00,2026-03-20T11:26:04.248363+00:00,2026-03-20T11:26:04.215978+00:00,2026-03-20T11:26:04.248376+00:00,
docker-single-resource-profile,,,0,48,bench-resource-single-w0,df4558aa-3d2b-4a3e-9af1-9636c5e725c5,True,207.999,0.904,28.041,1.994,30.976,started,ok,20,2026-03-20T11:26:02.168471+00:00,2026-03-20T11:26:02.376479+00:00,2026-03-20T11:26:04.248405+00:00,2026-03-20T11:26:04.249311+00:00,2026-03-20T11:26:04.249319+00:00,2026-03-20T11:26:04.277363+00:00,2026-03-20T11:26:04.277374+00:00,2026-03-20T11:26:04.279370+00:00,2026-03-20T11:26:04.248404+00:00,2026-03-20T11:26:04.279379+00:00,
docker-single-resource-profile,,,0,49,bench-resource-single-w0,34d0bc7e-2d4f-4f68-aeec-a3d1ae318dc4,True,207.999,0.857,28.913,3.016,32.831,started,ok,20,2026-03-20T11:26:02.168471+00:00,2026-03-20T11:26:02.376479+00:00,2026-03-20T11:26:04.279404+00:00,2026-03-20T11:26:04.280263+00:00,2026-03-20T11:26:04.280275+00:00,2026-03-20T11:26:04.309191+00:00,2026-03-20T11:26:04.309203+00:00,2026-03-20T11:26:04.312222+00:00,2026-03-20T11:26:04.279403+00:00,2026-03-20T11:26:04.312233+00:00,
docker-single-resource-profile,,,0,50,bench-resource-single-w0,6033e6de-d7a8-4814-9dce-0750ea538fcc,True,207.999,1.005,31.731,2.333,35.108,started,ok,20,2026-03-20T11:26:02.168471+00:00,2026-03-20T11:26:02.376479+00:00,2026-03-20T11:26:04.312261+00:00,2026-03-20T11:26:04.313268+00:00,2026-03-20T11:26:04.313276+00:00,2026-03-20T11:26:04.345010+00:00,2026-03-20T11:26:04.345022+00:00,2026-03-20T11:26:04.347358+00:00,2026-03-20T11:26:04.312260+00:00,2026-03-20T11:26:04.347367+00:00,
docker-single-resource-profile,,,0,51,bench-resource-single-w0,7b27bd2b-70bd-4cf6-854b-a51d2d467998,True,207.999,0.72,28.39,3.136,32.292,started,ok,20,2026-03-20T11:26:02.168471+00:00,2026-03-20T11:26:02.376479+00:00,2026-03-20T11:26:04.347391+00:00,2026-03-20T11:26:04.348113+00:00,2026-03-20T11:26:04.348121+00:00,2026-03-20T11:26:04.376515+00:00,2026-03-20T11:26:04.376527+00:00,2026-03-20T11:26:04.379667+00:00,2026-03-20T11:26:04.347390+00:00,2026-03-20T11:26:04.379681+00:00,
docker-single-resource-profile,,,0,52,bench-resource-single-w0,3cc1b15d-5ed8-4f18-aaee-d75af59a9429,True,207.999,0.858,29.284,1.775,31.963,started,ok,20,2026-03-20T11:26:02.168471+00:00,2026-03-20T11:26:02.376479+00:00,2026-03-20T11:26:04.379710+00:00,2026-03-20T11:26:04.380571+00:00,2026-03-20T11:26:04.380578+00:00,2026-03-20T11:26:04.409866+00:00,2026-03-20T11:26:04.409882+00:00,2026-03-20T11:26:04.411659+00:00,2026-03-20T11:26:04.379709+00:00,2026-03-20T11:26:04.411671+00:00,
docker-single-resource-profile,,,0,53,bench-resource-single-w0,b5189f42-53d1-4d0d-b036-a7dc88bad652,True,207.999,0.773,29.097,2.784,32.692,started,ok,20,2026-03-20T11:26:02.168471+00:00,2026-03-20T11:26:02.376479+00:00,2026-03-20T11:26:04.411694+00:00,2026-03-20T11:26:04.412469+00:00,2026-03-20T11:26:04.412477+00:00,2026-03-20T11:26:04.441578+00:00,2026-03-20T11:26:04.441590+00:00,2026-03-20T11:26:04.444376+00:00,2026-03-20T11:26:04.411693+00:00,2026-03-20T11:26:04.444384+00:00,
docker-single-resource-profile,,,0,54,bench-resource-single-w0,fbe0746e-c8aa-476b-b3d2-2204b2f90385,True,207.999,1.048,30.955,2.167,34.221,started,ok,20,2026-03-20T11:26:02.168471+00:00,2026-03-20T11:26:02.376479+00:00,2026-03-20T11:26:04.444407+00:00,2026-03-20T11:26:04.445457+00:00,2026-03-20T11:26:04.445464+00:00,2026-03-20T11:26:04.476423+00:00,2026-03-20T11:26:04.476434+00:00,2026-03-20T11:26:04.478603+00:00,2026-03-20T11:26:04.444406+00:00,2026-03-20T11:26:04.478625+00:00,
docker-single-resource-profile,,,0,55,bench-resource-single-w0,3bd98190-ea3c-4438-9a51-f00a417a74f3,True,207.999,1.137,31.343,3.379,35.904,started,ok,20,2026-03-20T11:26:02.168471+00:00,2026-03-20T11:26:02.376479+00:00,2026-03-20T11:26:04.478653+00:00,2026-03-20T11:26:04.479792+00:00,2026-03-20T11:26:04.479802+00:00,2026-03-20T11:26:04.511149+00:00,2026-03-20T11:26:04.511160+00:00,2026-03-20T11:26:04.514542+00:00,2026-03-20T11:26:04.478652+00:00,2026-03-20T11:26:04.514554+00:00,
docker-single-resource-profile,,,0,56,bench-resource-single-w0,3f9f033e-9031-411a-a2b8-d9e727fc7314,True,207.999,1.255,35.003,2.117,38.41,started,ok,20,2026-03-20T11:26:02.168471+00:00,2026-03-20T11:26:02.376479+00:00,2026-03-20T11:26:04.514581+00:00,2026-03-20T11:26:04.515838+00:00,2026-03-20T11:26:04.515845+00:00,2026-03-20T11:26:04.550851+00:00,2026-03-20T11:26:04.550862+00:00,2026-03-20T11:26:04.552981+00:00,2026-03-20T11:26:04.514580+00:00,2026-03-20T11:26:04.552988+00:00,
docker-single-resource-profile,,,0,57,bench-resource-single-w0,ae5725cd-2182-4955-bf2b-3635a3f9d44c,True,207.999,0.983,30.088,3.236,34.347,started,ok,20,2026-03-20T11:26:02.168471+00:00,2026-03-20T11:26:02.376479+00:00,2026-03-20T11:26:04.553013+00:00,2026-03-20T11:26:04.553997+00:00,2026-03-20T11:26:04.554003+00:00,2026-03-20T11:26:04.584096+00:00,2026-03-20T11:26:04.584109+00:00,2026-03-20T11:26:04.587348+00:00,2026-03-20T11:26:04.553012+00:00,2026-03-20T11:26:04.587358+00:00,
docker-single-resource-profile,,,0,58,bench-resource-single-w0,bc3a4e39-e1ad-4199-90fc-ff81ee4e77f3,True,207.999,0.913,27.629,2.185,30.769,started,ok,20,2026-03-20T11:26:02.168471+00:00,2026-03-20T11:26:02.376479+00:00,2026-03-20T11:26:04.587384+00:00,2026-03-20T11:26:04.588300+00:00,2026-03-20T11:26:04.588307+00:00,2026-03-20T11:26:04.615940+00:00,2026-03-20T11:26:04.615955+00:00,2026-03-20T11:26:04.618143+00:00,2026-03-20T11:26:04.587383+00:00,2026-03-20T11:26:04.618150+00:00,
docker-single-resource-profile,,,0,59,bench-resource-single-w0,462629ea-0988-485a-9f4d-f8a86ba31513,True,207.999,0.869,29.775,3.356,34.04,started,ok,20,2026-03-20T11:26:02.168471+00:00,2026-03-20T11:26:02.376479+00:00,2026-03-20T11:26:04.618176+00:00,2026-03-20T11:26:04.619047+00:00,2026-03-20T11:26:04.619053+00:00,2026-03-20T11:26:04.648832+00:00,2026-03-20T11:26:04.648845+00:00,2026-03-20T11:26:04.652204+00:00,2026-03-20T11:26:04.618175+00:00,2026-03-20T11:26:04.652214+00:00,
docker-single-resource-profile,,,0,60,bench-resource-single-w0,0ba21360-77ff-4799-8866-31575425de91,True,207.999,0.818,26.54,2.221,29.62,started,ok,20,2026-03-20T11:26:02.168471+00:00,2026-03-20T11:26:02.376479+00:00,2026-03-20T11:26:04.652242+00:00,2026-03-20T11:26:04.653061+00:00,2026-03-20T11:26:04.653069+00:00,2026-03-20T11:26:04.679612+00:00,2026-03-20T11:26:04.679623+00:00,2026-03-20T11:26:04.681846+00:00,2026-03-20T11:26:04.652241+00:00,2026-03-20T11:26:04.681859+00:00,
docker-single-resource-profile,,,0,61,bench-resource-single-w0,91bd5549-8fd3-417a-a3f4-7a23cb0e2cf5,True,207.999,0.702,26.745,2.965,30.458,started,ok,20,2026-03-20T11:26:02.168471+00:00,2026-03-20T11:26:02.376479+00:00,2026-03-20T11:26:04.681883+00:00,2026-03-20T11:26:04.682588+00:00,2026-03-20T11:26:04.682595+00:00,2026-03-20T11:26:04.709343+00:00,2026-03-20T11:26:04.709358+00:00,2026-03-20T11:26:04.712326+00:00,2026-03-20T11:26:04.681882+00:00,2026-03-20T11:26:04.712338+00:00,
docker-single-resource-profile,,,0,62,bench-resource-single-w0,88c7fe76-a0ed-4469-b80c-c0777c86b1eb,True,207.999,1.009,30.204,2.451,33.699,started,ok,20,2026-03-20T11:26:02.168471+00:00,2026-03-20T11:26:02.376479+00:00,2026-03-20T11:26:04.712369+00:00,2026-03-20T11:26:04.713379+00:00,2026-03-20T11:26:04.713386+00:00,2026-03-20T11:26:04.743593+00:00,2026-03-20T11:26:04.743604+00:00,2026-03-20T11:26:04.746057+00:00,2026-03-20T11:26:04.712368+00:00,2026-03-20T11:26:04.746065+00:00,
docker-single-resource-profile,,,0,63,bench-resource-single-w0,b9af14a4-5dc0-4560-9bdc-a2ec93ca1beb,True,207.999,1.045,36.261,3.539,40.888,started,ok,20,2026-03-20T11:26:02.168471+00:00,2026-03-20T11:26:02.376479+00:00,2026-03-20T11:26:04.746089+00:00,2026-03-20T11:26:04.747136+00:00,2026-03-20T11:26:04.747143+00:00,2026-03-20T11:26:04.783407+00:00,2026-03-20T11:26:04.783420+00:00,2026-03-20T11:26:04.786963+00:00,2026-03-20T11:26:04.746088+00:00,2026-03-20T11:26:04.786974+00:00,
docker-single-resource-profile,,,0,64,bench-resource-single-w0,bd384ccb-5bea-4cf6-89a1-4cf6ae8d8362,True,207.999,0.676,32.73,2.119,35.564,started,ok,20,2026-03-20T11:26:02.168471+00:00,2026-03-20T11:26:02.376479+00:00,2026-03-20T11:26:04.787006+00:00,2026-03-20T11:26:04.787683+00:00,2026-03-20T11:26:04.787691+00:00,2026-03-20T11:26:04.820424+00:00,2026-03-20T11:26:04.820437+00:00,2026-03-20T11:26:04.822559+00:00,2026-03-20T11:26:04.787004+00:00,2026-03-20T11:26:04.822567+00:00,
docker-single-resource-profile,,,0,65,bench-resource-single-w0,0a93c6d0-cf22-410f-992c-ee136cc9666f,True,207.999,0.746,30.492,2.948,34.231,started,ok,20,2026-03-20T11:26:02.168471+00:00,2026-03-20T11:26:02.376479+00:00,2026-03-20T11:26:04.822599+00:00,2026-03-20T11:26:04.823347+00:00,2026-03-20T11:26:04.823356+00:00,2026-03-20T11:26:04.853852+00:00,2026-03-20T11:26:04.853865+00:00,2026-03-20T11:26:04.856815+00:00,2026-03-20T11:26:04.822597+00:00,2026-03-20T11:26:04.856826+00:00,
docker-single-resource-profile,,,0,66,bench-resource-single-w0,cbdc9b99-8c71-47f6-807b-8dabe692f112,True,207.999,1.157,28.506,2.111,31.812,started,ok,20,2026-03-20T11:26:02.168471+00:00,2026-03-20T11:26:02.376479+00:00,2026-03-20T11:26:04.856859+00:00,2026-03-20T11:26:04.858018+00:00,2026-03-20T11:26:04.858028+00:00,2026-03-20T11:26:04.886536+00:00,2026-03-20T11:26:04.886548+00:00,2026-03-20T11:26:04.888661+00:00,2026-03-20T11:26:04.856857+00:00,2026-03-20T11:26:04.888668+00:00,
docker-single-resource-profile,,,0,67,bench-resource-single-w0,c57fe5e0-b090-4945-b273-ef194d9c44d2,True,207.999,0.933,31.17,3.215,35.36,started,ok,20,2026-03-20T11:26:02.168471+00:00,2026-03-20T11:26:02.376479+00:00,2026-03-20T11:26:04.888690+00:00,2026-03-20T11:26:04.889626+00:00,2026-03-20T11:26:04.889633+00:00,2026-03-20T11:26:04.920807+00:00,2026-03-20T11:26:04.920820+00:00,2026-03-20T11:26:04.924037+00:00,2026-03-20T11:26:04.888690+00:00,2026-03-20T11:26:04.924048+00:00,
docker-single-resource-profile,,,0,68,bench-resource-single-w0,a6d1336e-646a-4770-9896-c3ccc0ffeeb1,True,207.999,1.091,31.053,2.263,34.443,started,ok,20,2026-03-20T11:26:02.168471+00:00,2026-03-20T11:26:02.376479+00:00,2026-03-20T11:26:04.924079+00:00,2026-03-20T11:26:04.925171+00:00,2026-03-20T11:26:04.925178+00:00,2026-03-20T11:26:04.956235+00:00,2026-03-20T11:26:04.956247+00:00,2026-03-20T11:26:04.958511+00:00,2026-03-20T11:26:04.924078+00:00,2026-03-20T11:26:04.958519+00:00,
docker-single-resource-profile,,,0,69,bench-resource-single-w0,f9f7a43f-aad4-4858-9ba9-fae42a64e656,True,207.999,0.837,28.248,5.44,34.569,started,ok,20,2026-03-20T11:26:02.168471+00:00,2026-03-20T11:26:02.376479+00:00,2026-03-20T11:26:04.958541+00:00,2026-03-20T11:26:04.959380+00:00,2026-03-20T11:26:04.959386+00:00,2026-03-20T11:26:04.987639+00:00,2026-03-20T11:26:04.987651+00:00,2026-03-20T11:26:04.993096+00:00,2026-03-20T11:26:04.958540+00:00,2026-03-20T11:26:04.993108+00:00,
docker-single-resource-profile,,,0,70,bench-resource-single-w0,f9fd3d59-2420-4a6a-bd47-0a5243e395f3,True,207.999,0.961,30.464,3.067,34.543,started,ok,20,2026-03-20T11:26:02.168471+00:00,2026-03-20T11:26:02.376479+00:00,2026-03-20T11:26:04.993137+00:00,2026-03-20T11:26:04.994100+00:00,2026-03-20T11:26:04.994107+00:00,2026-03-20T11:26:05.024575+00:00,2026-03-20T11:26:05.024591+00:00,2026-03-20T11:26:05.027661+00:00,2026-03-20T11:26:04.993136+00:00,2026-03-20T11:26:05.027678+00:00,
docker-single-resource-profile,,,0,71,bench-resource-single-w0,a0df6f7c-4d35-49ab-bcee-5dbeac316b63,True,207.999,1.149,29.999,3.165,34.351,started,ok,20,2026-03-20T11:26:02.168471+00:00,2026-03-20T11:26:02.376479+00:00,2026-03-20T11:26:05.027714+00:00,2026-03-20T11:26:05.028865+00:00,2026-03-20T11:26:05.028872+00:00,2026-03-20T11:26:05.058875+00:00,2026-03-20T11:26:05.058887+00:00,2026-03-20T11:26:05.062053+00:00,2026-03-20T11:26:05.027712+00:00,2026-03-20T11:26:05.062063+00:00,
docker-single-resource-profile,,,0,72,bench-resource-single-w0,64ce9a09-8265-4445-94bc-35a2a1b05bd7,True,207.999,1.086,30.366,2.475,33.961,started,ok,20,2026-03-20T11:26:02.168471+00:00,2026-03-20T11:26:02.376479+00:00,2026-03-20T11:26:05.062087+00:00,2026-03-20T11:26:05.063174+00:00,2026-03-20T11:26:05.063181+00:00,2026-03-20T11:26:05.093550+00:00,2026-03-20T11:26:05.093562+00:00,2026-03-20T11:26:05.096039+00:00,2026-03-20T11:26:05.062087+00:00,2026-03-20T11:26:05.096046+00:00,
docker-single-resource-profile,,,0,73,bench-resource-single-w0,5a92f419-253f-47c0-a7c5-1d685afe4cbc,True,207.999,1.096,30.351,3.336,34.822,started,ok,20,2026-03-20T11:26:02.168471+00:00,2026-03-20T11:26:02.376479+00:00,2026-03-20T11:26:05.096069+00:00,2026-03-20T11:26:05.097167+00:00,2026-03-20T11:26:05.097174+00:00,2026-03-20T11:26:05.127528+00:00,2026-03-20T11:26:05.127541+00:00,2026-03-20T11:26:05.130878+00:00,2026-03-20T11:26:05.096067+00:00,2026-03-20T11:26:05.130888+00:00,
docker-single-resource-profile,,,0,74,bench-resource-single-w0,5f579c48-b626-4bd3-aeaa-35a6c806465c,True,207.999,1.226,30.195,2.274,33.732,started,ok,20,2026-03-20T11:26:02.168471+00:00,2026-03-20T11:26:02.376479+00:00,2026-03-20T11:26:05.130917+00:00,2026-03-20T11:26:05.132145+00:00,2026-03-20T11:26:05.132152+00:00,2026-03-20T11:26:05.162351+00:00,2026-03-20T11:26:05.162362+00:00,2026-03-20T11:26:05.164638+00:00,2026-03-20T11:26:05.130916+00:00,2026-03-20T11:26:05.164646+00:00,
docker-single-resource-profile,,,0,75,bench-resource-single-w0,cb470905-249c-469f-8bd9-4c4ff00ba3dd,True,207.999,0.774,30.204,5.084,36.114,started,ok,20,2026-03-20T11:26:02.168471+00:00,2026-03-20T11:26:02.376479+00:00,2026-03-20T11:26:05.164672+00:00,2026-03-20T11:26:05.165448+00:00,2026-03-20T11:26:05.165456+00:00,2026-03-20T11:26:05.195664+00:00,2026-03-20T11:26:05.195679+00:00,2026-03-20T11:26:05.200768+00:00,2026-03-20T11:26:05.164671+00:00,2026-03-20T11:26:05.200783+00:00,
docker-single-resource-profile,,,0,76,bench-resource-single-w0,83ea6680-5740-403a-b8cc-e0e982d35964,True,207.999,1.283,31.41,2.627,35.367,started,ok,20,2026-03-20T11:26:02.168471+00:00,2026-03-20T11:26:02.376479+00:00,2026-03-20T11:26:05.200819+00:00,2026-03-20T11:26:05.202105+00:00,2026-03-20T11:26:05.202116+00:00,2026-03-20T11:26:05.233529+00:00,2026-03-20T11:26:05.233542+00:00,2026-03-20T11:26:05.236172+00:00,2026-03-20T11:26:05.200818+00:00,2026-03-20T11:26:05.236184+00:00,
docker-single-resource-profile,,,0,77,bench-resource-single-w0,8ca55182-e23e-41b3-bc20-4894a4a2e233,True,207.999,0.87,28.971,3.896,33.783,started,ok,20,2026-03-20T11:26:02.168471+00:00,2026-03-20T11:26:02.376479+00:00,2026-03-20T11:26:05.236222+00:00,2026-03-20T11:26:05.237094+00:00,2026-03-20T11:26:05.237104+00:00,2026-03-20T11:26:05.266078+00:00,2026-03-20T11:26:05.266089+00:00,2026-03-20T11:26:05.269989+00:00,2026-03-20T11:26:05.236220+00:00,2026-03-20T11:26:05.270002+00:00,
docker-single-resource-profile,,,0,78,bench-resource-single-w0,a3700935-4ef6-4810-940b-126a7dc9234a,True,207.999,1.051,29.997,2.237,33.332,started,ok,20,2026-03-20T11:26:02.168471+00:00,2026-03-20T11:26:02.376479+00:00,2026-03-20T11:26:05.270034+00:00,2026-03-20T11:26:05.271086+00:00,2026-03-20T11:26:05.271093+00:00,2026-03-20T11:26:05.301094+00:00,2026-03-20T11:26:05.301110+00:00,2026-03-20T11:26:05.303349+00:00,2026-03-20T11:26:05.270032+00:00,2026-03-20T11:26:05.303362+00:00,
docker-single-resource-profile,,,0,79,bench-resource-single-w0,c5a90497-be2b-4e60-a74f-1307f6b3129c,True,207.999,0.739,28.52,3.52,32.819,started,ok,20,2026-03-20T11:26:02.168471+00:00,2026-03-20T11:26:02.376479+00:00,2026-03-20T11:26:05.303393+00:00,2026-03-20T11:26:05.304133+00:00,2026-03-20T11:26:05.304140+00:00,2026-03-20T11:26:05.332664+00:00,2026-03-20T11:26:05.332676+00:00,2026-03-20T11:26:05.336199+00:00,2026-03-20T11:26:05.303392+00:00,2026-03-20T11:26:05.336210+00:00,
docker-single-resource-profile,,,0,80,bench-resource-single-w0,998f340f-c39e-4d12-8447-24f7110aa35f,True,207.999,1.033,28.535,2.054,31.659,started,ok,20,2026-03-20T11:26:02.168471+00:00,2026-03-20T11:26:02.376479+00:00,2026-03-20T11:26:05.336238+00:00,2026-03-20T11:26:05.337273+00:00,2026-03-20T11:26:05.337280+00:00,2026-03-20T11:26:05.365818+00:00,2026-03-20T11:26:05.365831+00:00,2026-03-20T11:26:05.367886+00:00,2026-03-20T11:26:05.336237+00:00,2026-03-20T11:26:05.367894+00:00,
docker-single-resource-profile,,,0,81,bench-resource-single-w0,bb4f0e5a-84f2-43e4-8033-97a6cfb4a735,True,207.999,0.697,28.199,5.58,34.525,started,ok,20,2026-03-20T11:26:02.168471+00:00,2026-03-20T11:26:02.376479+00:00,2026-03-20T11:26:05.367918+00:00,2026-03-20T11:26:05.368616+00:00,2026-03-20T11:26:05.368623+00:00,2026-03-20T11:26:05.396830+00:00,2026-03-20T11:26:05.396842+00:00,2026-03-20T11:26:05.402426+00:00,2026-03-20T11:26:05.367917+00:00,2026-03-20T11:26:05.402441+00:00,
docker-single-resource-profile,,,0,82,bench-resource-single-w0,d79178f2-4569-459f-888d-12358e2a1ad4,True,207.999,0.888,30.361,3.242,34.536,started,ok,20,2026-03-20T11:26:02.168471+00:00,2026-03-20T11:26:02.376479+00:00,2026-03-20T11:26:05.402475+00:00,2026-03-20T11:26:05.403365+00:00,2026-03-20T11:26:05.403374+00:00,2026-03-20T11:26:05.433739+00:00,2026-03-20T11:26:05.433752+00:00,2026-03-20T11:26:05.436997+00:00,2026-03-20T11:26:05.402474+00:00,2026-03-20T11:26:05.437008+00:00,
docker-single-resource-profile,,,0,83,bench-resource-single-w0,6271540f-0fb2-4bcf-88b9-19b3f79290cf,True,207.999,1.036,31.742,3.39,36.207,started,ok,20,2026-03-20T11:26:02.168471+00:00,2026-03-20T11:26:02.376479+00:00,2026-03-20T11:26:05.437038+00:00,2026-03-20T11:26:05.438076+00:00,2026-03-20T11:26:05.438083+00:00,2026-03-20T11:26:05.469828+00:00,2026-03-20T11:26:05.469841+00:00,2026-03-20T11:26:05.473233+00:00,2026-03-20T11:26:05.437037+00:00,2026-03-20T11:26:05.473242+00:00,
docker-single-resource-profile,,,0,84,bench-resource-single-w0,a53b075b-255a-4500-b3c2-c64ed7c097c8,True,207.999,0.822,30.436,2.868,34.17,started,ok,20,2026-03-20T11:26:02.168471+00:00,2026-03-20T11:26:02.376479+00:00,2026-03-20T11:26:05.473267+00:00,2026-03-20T11:26:05.474090+00:00,2026-03-20T11:26:05.474097+00:00,2026-03-20T11:26:05.504536+00:00,2026-03-20T11:26:05.504548+00:00,2026-03-20T11:26:05.507420+00:00,2026-03-20T11:26:05.473266+00:00,2026-03-20T11:26:05.507435+00:00,
docker-single-resource-profile,,,0,85,bench-resource-single-w0,a07ee324-25bc-454d-a540-b47f999b98d0,True,207.999,1.648,33.651,4.33,39.687,started,ok,20,2026-03-20T11:26:02.168471+00:00,2026-03-20T11:26:02.376479+00:00,2026-03-20T11:26:05.507471+00:00,2026-03-20T11:26:05.509123+00:00,2026-03-20T11:26:05.509136+00:00,2026-03-20T11:26:05.542792+00:00,2026-03-20T11:26:05.542807+00:00,2026-03-20T11:26:05.547141+00:00,2026-03-20T11:26:05.507470+00:00,2026-03-20T11:26:05.547156+00:00,
docker-single-resource-profile,,,0,86,bench-resource-single-w0,e37163b6-2b08-4a4d-bc30-8f4276caad42,True,207.999,0.977,32.95,2.669,36.654,started,ok,20,2026-03-20T11:26:02.168471+00:00,2026-03-20T11:26:02.376479+00:00,2026-03-20T11:26:05.547191+00:00,2026-03-20T11:26:05.548171+00:00,2026-03-20T11:26:05.548180+00:00,2026-03-20T11:26:05.581135+00:00,2026-03-20T11:26:05.581162+00:00,2026-03-20T11:26:05.583833+00:00,2026-03-20T11:26:05.547190+00:00,2026-03-20T11:26:05.583842+00:00,
docker-single-resource-profile,,,0,87,bench-resource-single-w0,6488d562-8cc6-4300-ada4-7930b61a34be,True,207.999,0.649,29.154,3.666,33.513,started,ok,20,2026-03-20T11:26:02.168471+00:00,2026-03-20T11:26:02.376479+00:00,2026-03-20T11:26:05.583870+00:00,2026-03-20T11:26:05.584520+00:00,2026-03-20T11:26:05.584527+00:00,2026-03-20T11:26:05.613686+00:00,2026-03-20T11:26:05.613699+00:00,2026-03-20T11:26:05.617368+00:00,2026-03-20T11:26:05.583869+00:00,2026-03-20T11:26:05.617381+00:00,
docker-single-resource-profile,,,0,88,bench-resource-single-w0,4e87a825-48a0-4244-8399-6bb9c695980d,True,207.999,0.726,28.006,3.41,32.191,started,ok,20,2026-03-20T11:26:02.168471+00:00,2026-03-20T11:26:02.376479+00:00,2026-03-20T11:26:05.617409+00:00,2026-03-20T11:26:05.618137+00:00,2026-03-20T11:26:05.618144+00:00,2026-03-20T11:26:05.646158+00:00,2026-03-20T11:26:05.646171+00:00,2026-03-20T11:26:05.649585+00:00,2026-03-20T11:26:05.617408+00:00,2026-03-20T11:26:05.649597+00:00,
docker-single-resource-profile,,,0,89,bench-resource-single-w0,565a7442-5a6f-42ff-9d3a-e55031831c53,True,207.999,0.838,28.341,3.523,32.742,started,ok,20,2026-03-20T11:26:02.168471+00:00,2026-03-20T11:26:02.376479+00:00,2026-03-20T11:26:05.649638+00:00,2026-03-20T11:26:05.650477+00:00,2026-03-20T11:26:05.650483+00:00,2026-03-20T11:26:05.678828+00:00,2026-03-20T11:26:05.678840+00:00,2026-03-20T11:26:05.682366+00:00,2026-03-20T11:26:05.649636+00:00,2026-03-20T11:26:05.682377+00:00,
docker-single-resource-profile,,,0,90,bench-resource-single-w0,84f96d49-74ef-4465-aa5b-af688b467eef,True,207.999,0.94,30.31,2.347,33.633,started,ok,20,2026-03-20T11:26:02.168471+00:00,2026-03-20T11:26:02.376479+00:00,2026-03-20T11:26:05.682407+00:00,2026-03-20T11:26:05.683349+00:00,2026-03-20T11:26:05.683357+00:00,2026-03-20T11:26:05.713670+00:00,2026-03-20T11:26:05.713681+00:00,2026-03-20T11:26:05.716030+00:00,2026-03-20T11:26:05.682405+00:00,2026-03-20T11:26:05.716037+00:00,
docker-single-resource-profile,,,0,91,bench-resource-single-w0,28d8a28b-3719-4a78-8fee-e0cb2f0a099b,True,207.999,0.812,30.394,3.355,34.598,started,ok,20,2026-03-20T11:26:02.168471+00:00,2026-03-20T11:26:02.376479+00:00,2026-03-20T11:26:05.716060+00:00,2026-03-20T11:26:05.716874+00:00,2026-03-20T11:26:05.716880+00:00,2026-03-20T11:26:05.747278+00:00,2026-03-20T11:26:05.747290+00:00,2026-03-20T11:26:05.750647+00:00,2026-03-20T11:26:05.716059+00:00,2026-03-20T11:26:05.750656+00:00,
docker-single-resource-profile,,,0,92,bench-resource-single-w0,55e2b2da-b002-418c-bcdd-cc7a6137ce8e,True,207.999,0.738,25.771,2.349,28.903,started,ok,20,2026-03-20T11:26:02.168471+00:00,2026-03-20T11:26:02.376479+00:00,2026-03-20T11:26:05.750681+00:00,2026-03-20T11:26:05.751420+00:00,2026-03-20T11:26:05.751427+00:00,2026-03-20T11:26:05.777202+00:00,2026-03-20T11:26:05.777215+00:00,2026-03-20T11:26:05.779568+00:00,2026-03-20T11:26:05.750680+00:00,2026-03-20T11:26:05.779582+00:00,
docker-single-resource-profile,,,0,93,bench-resource-single-w0,e0f2d83e-40e1-4fbc-b1c4-ce1d5e2c3a9e,True,207.999,0.905,29.783,3.39,34.124,started,ok,20,2026-03-20T11:26:02.168471+00:00,2026-03-20T11:26:02.376479+00:00,2026-03-20T11:26:05.779619+00:00,2026-03-20T11:26:05.780527+00:00,2026-03-20T11:26:05.780535+00:00,2026-03-20T11:26:05.810323+00:00,2026-03-20T11:26:05.810335+00:00,2026-03-20T11:26:05.813728+00:00,2026-03-20T11:26:05.779618+00:00,2026-03-20T11:26:05.813740+00:00,
docker-single-resource-profile,,,0,94,bench-resource-single-w0,39559d12-d144-4f78-b923-a7a00e5396de,True,207.999,0.823,28.054,2.665,31.591,started,ok,20,2026-03-20T11:26:02.168471+00:00,2026-03-20T11:26:02.376479+00:00,2026-03-20T11:26:05.813788+00:00,2026-03-20T11:26:05.814613+00:00,2026-03-20T11:26:05.814622+00:00,2026-03-20T11:26:05.842680+00:00,2026-03-20T11:26:05.842696+00:00,2026-03-20T11:26:05.845364+00:00,2026-03-20T11:26:05.813787+00:00,2026-03-20T11:26:05.845376+00:00,
docker-single-resource-profile,,,0,95,bench-resource-single-w0,b4922135-1384-4b9c-8cfc-335448512615,True,207.999,0.871,29.996,3.29,34.203,started,ok,20,2026-03-20T11:26:02.168471+00:00,2026-03-20T11:26:02.376479+00:00,2026-03-20T11:26:05.845409+00:00,2026-03-20T11:26:05.846283+00:00,2026-03-20T11:26:05.846292+00:00,2026-03-20T11:26:05.876292+00:00,2026-03-20T11:26:05.876304+00:00,2026-03-20T11:26:05.879597+00:00,2026-03-20T11:26:05.845408+00:00,2026-03-20T11:26:05.879609+00:00,
docker-single-resource-profile,,,0,96,bench-resource-single-w0,686ceeb6-67aa-4abc-a333-a98c155d6520,True,207.999,0.828,29.886,2.325,33.081,started,ok,20,2026-03-20T11:26:02.168471+00:00,2026-03-20T11:26:02.376479+00:00,2026-03-20T11:26:05.879640+00:00,2026-03-20T11:26:05.880471+00:00,2026-03-20T11:26:05.880479+00:00,2026-03-20T11:26:05.910368+00:00,2026-03-20T11:26:05.910380+00:00,2026-03-20T11:26:05.912708+00:00,2026-03-20T11:26:05.879639+00:00,2026-03-20T11:26:05.912719+00:00,
docker-single-resource-profile,,,0,97,bench-resource-single-w0,e223cd81-d5c8-47f4-930c-39d2b3b2dff8,True,207.999,0.669,26.633,3.408,30.748,started,ok,20,2026-03-20T11:26:02.168471+00:00,2026-03-20T11:26:02.376479+00:00,2026-03-20T11:26:05.912807+00:00,2026-03-20T11:26:05.913479+00:00,2026-03-20T11:26:05.913487+00:00,2026-03-20T11:26:05.940123+00:00,2026-03-20T11:26:05.940134+00:00,2026-03-20T11:26:05.943544+00:00,2026-03-20T11:26:05.912806+00:00,2026-03-20T11:26:05.943553+00:00,
docker-single-resource-profile,,,0,98,bench-resource-single-w0,126f3e80-e1d7-4dbc-aecc-15358ba0a658,True,207.999,0.852,28.718,2.151,31.758,started,ok,20,2026-03-20T11:26:02.168471+00:00,2026-03-20T11:26:02.376479+00:00,2026-03-20T11:26:05.943579+00:00,2026-03-20T11:26:05.944433+00:00,2026-03-20T11:26:05.944440+00:00,2026-03-20T11:26:05.973163+00:00,2026-03-20T11:26:05.973174+00:00,2026-03-20T11:26:05.975328+00:00,2026-03-20T11:26:05.943578+00:00,2026-03-20T11:26:05.975334+00:00,
docker-single-resource-profile,,,0,99,bench-resource-single-w0,07cae327-46d8-4f5b-9b92-e311c7fa5f9e,True,207.999,0.698,29.842,3.517,34.107,started,ok,20,2026-03-20T11:26:02.168471+00:00,2026-03-20T11:26:02.376479+00:00,2026-03-20T11:26:05.975358+00:00,2026-03-20T11:26:05.976058+00:00,2026-03-20T11:26:05.976065+00:00,2026-03-20T11:26:06.005923+00:00,2026-03-20T11:26:06.005935+00:00,2026-03-20T11:26:06.009454+00:00,2026-03-20T11:26:05.975357+00:00,2026-03-20T11:26:06.009463+00:00,
